target,boot_width,classification,steps,growth,peak_rss_bytes,peak_rss_GiB,executable_elapsed_seconds,source_sha256,stdout_sha256
1,1,PARAMETRIC_ASCII_OUTSIDE_BOOT_WORD,2,0,679936,0.00063323974609375,0.001954372999989573,8d7e9bb741f0e7ce9912959e1f0c6285dd7cb67068aac50306b642d0ff837eda,e3b0c44298fc1c149afbf4c8996fb92427ae41e4649b934ca495991b7852b855
2,1,PARAMETRIC_ASCII_OUTSIDE_BOOT_WORD,4,1,679936,0.00063323974609375,0.001962047999995775,80ecf9cae5331f54e84421e5cb7b58b15adea26ffcb1cd0bd0644efc6b12de45,e3b0c44298fc1c149afbf4c8996fb92427ae41e4649b934ca495991b7852b855
3,1,PARAMETRIC_ASCII_OUTSIDE_BOOT_WORD,10,2,679936,0.00063323974609375,0.0019287759999997434,0e8493ca745dfa37a3481845da1950a4c3c1ce4d0950e71aa1a63ebdd8439684,e3b0c44298fc1c149afbf4c8996fb92427ae41e4649b934ca495991b7852b855
4,1,PARAMETRIC_ASCII_OUTSIDE_BOOT_WORD,28,3,679936,0.00063323974609375,0.0018759599999782495,322681353321d6d4a7268958be231814af8067d45e3dedf966fdad37eb2b671d,e3b0c44298fc1c149afbf4c8996fb92427ae41e4649b934ca495991b7852b855
5,1,PARAMETRIC_ASCII_OUTSIDE_BOOT_WORD,82,4,679936,0.00063323974609375,0.00203567099998736,86cd906ade5eea89076a0016ab1745584e6d98553d640b7dc83c4cde6b286040,4a79f73b9a597fae1ef54004c9785a72cae0f42843bc0d6848bc601641d8c913
6,1,PARAMETRIC_ASCII_OUTSIDE_BOOT_WORD,244,5,675840,0.000629425048828125,0.00236780600002362,5f11ae79296299fed9fcf1178fe1a4ed4cc09eecaa4f89421c73d44cbd4e44db,3f1aa2bae00e48a2105dc1d79131a7d86f63cfeccd126a39dbd7e8e53bf6be8e
7,1,PARAMETRIC_ASCII_OUTSIDE_BOOT_WORD,730,6,675840,0.000629425048828125,0.0025045019999936358,a2c25a344ed6c4c3508c48d24ca53d02d2bb0a3426b69c65dd650412fe7022f2,1d288b981626af76e959cd5ffebbbb946ea5c9ab692600023b314c7e61b5c28d
8,1,PARAMETRIC_ASCII_OUTSIDE_BOOT_WORD,2188,7,675840,0.000629425048828125,0.0024152350000008482,98f51634570ca2e3f561caddcfe53eaf5b983d6bd152b7a5e5950938d5cda2ab,1630f04ec01fbf63c8a4a73ad24f48f2f8883965816da928a8d3d37a97401fdf
9,1,PARAMETRIC_ASCII_OUTSIDE_BOOT_WORD,6562,8,671744,0.0006256103515625,0.0026451360000123714,cb9ea64d75947bee7fa07e12a8520ec0c4b1f6795f7e7aa65d8ac6bbacebaddc,9e38fe9d15fd90c1ac599a3df00f9063f6985c125acb1d6d0a32487d1b9f43fd
10,1,PARAMETRIC_ASCII_OUTSIDE_BOOT_WORD,19684,9,806912,0.000751495361328125,0.003097997000025998,a2e15bdd167309ce030a6c5cb46698c03e047303b7bedb8d07f1f8d9eaa137ea,764d2c6853dc30f37b03d10dccb92a6aed864e318444d66a97c12b57f45186f1
11,1,PARAMETRIC_ASCII_OUTSIDE_BOOT_WORD,59050,10,1069056,0.000995635986328125,0.004957657999995035,458d04cc4b9a34474a792771c3c4a16c9a968fa540fae85266d499006b2df4f2,b01346dccd4c9c8ec8c26ef3442ea1ecb873d4a284d1a461d11fa27fd66c4c52
12,1,PARAMETRIC_ASCII_OUTSIDE_BOOT_WORD,177148,11,1724416,0.001605987548828125,0.010598028999993403,d4ecc19dde9699e314edb2bdbc8430c1e8e55b7f5131754434d6993739edabc3,2d839736f5cea61c09984dfcde680d104692d827b4762170bb58f16f6fb5722f
13,1,PARAMETRIC_ASCII_OUTSIDE_BOOT_WORD,531442,12,3555328,0.0033111572265625,0.028985331000001224,eacd194c09fc210b124a59bac2e71700feb9e435d486fd55967bf623d120aca2,f21522b5b9713c660e8c5972e47346ee78b3779bc746cdd74ac181593c5e3e2a
14,1,PARAMETRIC_ASCII_OUTSIDE_BOOT_WORD,1594324,13,9293824,0.008655548095703125,0.08394828100000495,059e9288a465d5999b451938402314d6f87a7b4c317ff7d2fee886eb05aa9f06,3f75cad4ba16afd9047421b71b1fa8fe1c3b875d2152294e7addcf45cc634b39
15,1,PARAMETRIC_ASCII_OUTSIDE_BOOT_WORD,4782970,14,26234880,0.024433135986328125,0.25633339899997054,57a256c58d8ee2ce8275cfa33e0606217494910d2a30256f0b852f4c8e4e520a,9016189ac544329dab21f7543a823407d459b3c38aefd154d1777e15cbc789ca
16,1,PARAMETRIC_ASCII_OUTSIDE_BOOT_WORD,14348908,15,77246464,0.07194137573242188,0.7873004530000003,3aca10fb8a545647de97d4a7cfc61d071cfcc0e19e7a675869a852a461a10566,1de6eee5f2f40f5b56da73a3103e09e8b1a1e6223639c4398ab91662fae2df69
17,1,PARAMETRIC_ASCII_OUTSIDE_BOOT_WORD,43046722,16,230592512,0.21475601196289062,2.379776608000043,5be9840cea5428cc35e87e0e1a805375c37b34933d6d79f5f0da259c8f81bc58,1fbde8346ab67e6350d51bdaa72f5bbd88013df0aeb669d2ba031d5a66a5be35
18,1,PARAMETRIC_ASCII_OUTSIDE_BOOT_WORD,129140164,17,691175424,0.643707275390625,7.530260502000033,050db490c4266fcea1b0fc36898c8fb343f65002d147ca1b1b3ec8f5473523a9,ea2075ef7ecaa6642696ce7316f64b42881c285e592cf4892e52910ce2b4527b
19,1,PARAMETRIC_ASCII_OUTSIDE_BOOT_WORD,387420490,18,2066497536,1.9245758056640625,22.656033458000024,54b18d09d211831332d8ac29c4f02014a0277fba5acfd3f510d30c7dfe7e2480,df64ebc07472cb29d75904896ad0963bdb402387816084546242474eac8cd88b
20,1,PARAMETRIC_ASCII_OUTSIDE_BOOT_WORD,1162261468,19,6195867648,5.770351409912109,68.79930873699999,b9788933f5892f3a855e93d746e74cb1561fd00882182ac2b4e704f41af91aac,fecf7ad8a2732d3078905a1b915fb2505c314fdc03675e612bb1e13374c96bca
